{
  "accuracy": 0.9942196531791907,
  "training_history": {
    "loss": [
      0.1322429604387205,
      0.026664237442769502,
      0.020852825935243777,
      0.021491445198128196,
      0.02457100577119395,
      0.031101757685016645,
      0.024475230758789143,
      0.02107362594535133,
      0.021819756721685592,
      0.018690834402437566,
      0.017069420680759083,
      0.019639655728640622,
      0.017729578026582635,
      0.014882752617842542,
      0.01631633210222629,
      0.01635864977403176,
      0.016080681758084164,
      0.025517662899801508,
      0.0258392228340534,
      0.018941786863969787,
      0.029592975028974348,
      0.022574508875167293,
      0.02215221775680364,
      0.017812730714611365,
      0.01784265869814829,
      0.015627553942306947,
      0.018192909074729726,
      0.019411715021353877,
      0.01636837074099611,
      0.016958149811743123,
      0.018188677925775807,
      0.014570512023055926,
      0.016877839694069207,
      0.015313860823210379,
      0.01518368618608771,
      0.01512008426537872,
      0.016102540453797894,
      0.014411135228951216,
      0.01566731279614798,
      0.015382618283183547,
      0.015248288745887725,
      0.014699379173658886,
      0.016110384885044033,
      0.017981808710733037,
      0.019558993595924938,
      0.0181074734519873,
      0.016417759826780592,
      0.015403020697321105,
      0.01864765104561995,
      0.02175401890877095,
      0.016615703298348786,
      0.016698381129045675,
      0.01817158487967007,
      0.01495484017160427,
      0.016308603056945446,
      0.013736096527090444,
      0.016495945233098035,
      0.016072830943525525,
      0.01510158026614686,
      0.015310632616379544,
      0.014777644541218729,
      0.014300949139731912,
      0.014162708187589152,
      0.013807540933301329,
      0.014582082715749397,
      0.01398635584911589,
      0.014179027336802775,
      0.014015204537587889,
      0.014372306617588038,
      0.014022384370419834,
      0.014369133163487086,
      0.014693440871365294,
      0.014001123419515543,
      0.014438463047171305,
      0.013906723820438952,
      0.014064502693240923,
      0.013601887973077521,
      0.013785120366695705,
      0.01431077070753274,
      0.01377855691986808,
      0.014287535521266125,
      0.0141394026198357,
      0.014029133730793163,
      0.013907662528876435,
      0.013991148856898929,
      0.013810925488207048,
      0.014088705743856017,
      0.014380029255622312,
      0.01406210491481225,
      0.014069214458638606,
      0.013951969496510605,
      0.01366404468411163,
      0.013662507521650312,
      0.013864864174952106,
      0.014380989541677991,
      0.013989551829581615,
      0.015021827482996741,
      0.014466573055726354,
      0.01432294926072293,
      0.014478347785035638
    ],
    "accuracy": [],
    "val_loss": [
      0.2068900763988495,
      0.02254948185549842,
      0.020161922733273566,
      0.017648858529153384,
      0.01804520263653507,
      0.018442335535332352,
      0.01827470322960936,
      0.03299979048056735,
      0.01817570118065406,
      0.01725319079398307,
      0.01792586358593932,
      0.017069865608290356,
      0.018578969886422984,
      0.01709766679333471,
      0.01729884284860519,
      0.01811208536754647,
      0.017255928977748327,
      0.018129245230940998,
      0.019446621802570816,
      0.017960981335313084,
      0.01875927819006999,
      0.017299187083456975,
      0.01893080451069788,
      0.01718848215265704,
      0.01753381128704253,
      0.01694155370124564,
      0.01723770703716178,
      0.017773081486666342,
      0.016864069505876007,
      0.01802003858999039,
      0.01712462595767445,
      0.01684931341959681,
      0.018584880272505364,
      0.017422860445852468,
      0.016983057859356956,
      0.01697518047876656,
      0.016759972565018363,
      0.016770798232755624,
      0.016749601510026777,
      0.016719931136321975,
      0.016834763994362827,
      0.01676578223810389,
      0.016814543041821,
      0.01704776209226111,
      0.016807195940701705,
      0.016867467981582094,
      0.016806058015289536,
      0.01717916320679554,
      0.016783645853138296,
      0.01767444977546499,
      0.016813427244617034,
      0.016681561810805254,
      0.016800512639747467,
      0.01673894762724457,
      0.017037945487471815,
      0.01668257949980519,
      0.017068963068595622,
      0.016833788007513957,
      0.016769251505643804,
      0.016766847688510705,
      0.01675458313911804,
      0.016685847788418567,
      0.016766816175934056,
      0.016787056572259946,
      0.016730969053444116,
      0.01663204152929312,
      0.016635185387713136,
      0.016640822156558797,
      0.0166176699583755,
      0.016653021287008112,
      0.016646180409831384,
      0.016902822151476156,
      0.01667675673605926,
      0.01664841238299333,
      0.016675830818308493,
      0.016644900638412865,
      0.016625218853328586,
      0.016626979335140075,
      0.016646900313288724,
      0.016613841619093565,
      0.016742501846440265,
      0.016699937303201295,
      0.016665261863333097,
      0.016607519506780792,
      0.016610281129235065,
      0.016630620344383513,
      0.016614599714860862,
      0.016699402367521543,
      0.016746423092020752,
      0.016660301657894807,
      0.016601089477868907,
      0.01670618918392898,
      0.016628198178093752,
      0.016606454653406724,
      0.01664809671435958,
      0.016667274681013724,
      0.016743205324019073,
      0.01680145473518577,
      0.016665872049391812,
      0.016650219337558763
    ],