{
  "accuracy": 1.0,
  "training_history": {
    "loss": [
      0.15067572959673567,
      0.02089607748328834,
      0.01573494534838844,
      0.009765933453407441,
      0.014297195254019587,
      0.014290294521865813,
      0.009828187819457034,
      0.009797296055743622,
      0.0028039205581818177,
      0.007966312941642024,
      0.004088560320638321,
      0.009448392059484095,
      0.012514579064225324,
      0.01522482728044427,
      0.009239102080558753,
      0.005409388478477234,
      0.005328475147630465,
      0.0031466910834235416,
      0.001360095941620514,
      0.0016106193306276927,
      0.0027965584160631043,
      0.0017050506847570777,
      0.0066793785214965306,
      0.017176362163563434,
      0.013743654359132051,
      0.005023289005416823,
      0.005105990595561829,
      0.009350125478089761,
      0.002078515147110699,
      0.01568043976864853,
      0.01429002937023855,
      0.013716190021384406,
      0.005680327423269281,
      0.0021286240355678004,
      0.0011870303408343446,
      0.0010162935528520343,
      0.00048196913396807487,
      0.0013896046686961592,
      0.0013047105033340788,
      0.0004509576457486538,
      0.0008091825106561914,
      0.0005139832774639708,
      0.0016542673228950415,
      0.001319725057770926,
      0.0007112984513278698,
      0.0008873778337933676,
      0.0003998046996531303,
      0.0003949292965714719,
      0.00031499904415230393,
      0.0003493908203578227,
      0.0004818608083312299,
      0.0007147719484606028,
      0.0007032501795234763,
      0.000477673249898126,
      0.0024623245504650135,
      0.0004246702338678989,
      0.0004378606111434213,
      0.0005044865719281841,
      0.0006045509006661312,
      0.0006176450268547931,
      0.00034481570391280174,
      0.0003216367244808557,
      0.00036941269846047853,
      0.0005258303302783846,
      0.0005803512219761222,
      0.0004175068941156103,
      0.0002599500840989168,
      0.0004404448041601132,
      0.0004378098646820699,
      0.00033199292630416567,
      0.0006649435377472106,
      0.0006831216120878486,
      0.0006529530069815952,
      0.0006018023325580273,
      0.0003604129866486088,
      0.0002431994608077976,
      0.0002718901236516398,
      0.001678712737811037,
      0.0004892184478120651,
      0.011266336208398177,
      0.01019875862442171,
      0.0018438002522531394,
      0.0009784351997360638,
      0.0019450203182861663,
      0.0004992128648351551,
      0.0004553355933780581,
      0.0006689279477074239,
      0.0003763581392106701,
      0.0005867253580741031,
      0.0005727062024242194,
      0.0004390248247324741,
      0.0005258999393648795,
      0.0004505120871456441,
      0.0005348183437269432,
      0.00026776103973011106,
      0.00043177011370111406,
      0.00034913416685240746,
      0.0005494923684022364,
      0.000284652658494353,
      0.0005153238113003632
    ],
    "accuracy": [],
    "val_loss": [
      0.29237019270658493,
      0.002829716744599864,
      0.0008148286142386496,
      0.0009509572555543855,
      0.0010231406267848797,
      0.0005610616462945472,
      0.0026519656385062262,
      0.0002475019900884945,
      0.00017101176126743667,
      0.00011808627186837839,
      0.0005691478418157203,
      0.0008194598867703462,
      0.001584411453222856,
      0.004062466949108057,
      0.00013257386035547825,
      0.00012889743175037438,
      0.021512085735594155,
      8.492711231156136e-05,
      8.4950781911175e-05,
      5.93201266383403e-05,
      0.0006014445743858232,
      9.784470557860914e-05,
      0.003079931208048947,
      0.03411505037365714,
      0.004617573616997106,
      0.00018757313955575228,
      0.00014324240055429982,
      0.000621540799329523,
      0.00048669017996871844,
      0.0017764487474778434,
      0.0001526913647467154,
      0.00018899527185567422,
      0.00013512802797777113,
      9.540274686514749e-05,
      7.502645894419402e-05,
      6.214808036020258e-05,
      5.516063538379967e-05,
      5.340949246601667e-05,
      5.202910733714816e-05,
      4.867469397140667e-05,
      5.698566837963881e-05,
      4.382495671961806e-05,
      8.757273690207512e-05,
      5.106020171297132e-05,
      4.3791684902316774e-05,
      4.007196184829809e-05,
      4.764537379742251e-05,
      4.085468435732764e-05,
      3.977688675149693e-05,
      3.81525883312861e-05,
      3.843356444122037e-05,
      4.417866966832662e-05,
      4.049716562803951e-05,
      4.879392554357764e-05,
      0.000125487899822474,
      4.551667962005013e-05,
      5.5271591463679215e-05,
      5.6001984148679185e-05,
      5.4310191899276106e-05,
      6.458487405325286e-05,
      4.503505579123157e-05,
      4.251753716744133e-05,
      3.4787569120453554e-05,
      3.373534332240524e-05,
      3.751756116798788e-05,
      3.529103241817211e-05,
      3.556844126251235e-05,
      3.2992740443660296e-05,
      3.442369848016824e-05,
      3.447517383392551e-05,
      3.644455409812508e-05,
      3.1872370300334296e-05,
      3.3622696491875104e-05,
      3.543029606589698e-05,
      3.6079250548937125e-05,
      3.580380621315271e-05,
      3.302259960946685e-05,
      5.1991399232065305e-05,
      4.256071315467125e-05,
      0.0002320168241567444,
      8.800809700915124e-05,
      9.916866110870615e-05,
      7.074131872286671e-05,
      7.093224257914699e-05,
      5.555901771003846e-05,
      4.871406326856231e-05,
      5.838577772010467e-05,
      5.261023852654034e-05,
      5.288841748551931e-05,
      4.424110693435068e-05,
      4.0947193156171124e-05,
      4.4213715227670036e-05,
      3.6733430988533655e-05,
      3.728578076334088e-05,
      3.66058984582196e-05,
      3.612091518334637e-05,
      4.007127063232474e-05,
      3.446068399171054e-05,
      3.3880200135172345e-05,
      3.270582601544447e-05
    ],
    "val_accuracy": [
      0.9581673306772909,
      1.0,
      1.0,
      1.0,
      1.0,
      1.0,
      0.99800796812749,
      1.0,
      1.0,
      1.0,
      1.0,
      1.0,
      1.0,
      0.99800796812749,
      1.0,
      1.0,
      0.9940239043824701,
      1.0,
      1.0,
      1.0,
      1.0,
      1.0,
      1.0,
      0.9920318725099602,
      0.99800796812749,
      1.0,
      1.0,
      1.0,
      1.0,
      1.0,
      1.0,
      1.0,
      1.0,
      1.0,
      1.0,
      1.0,
      1.0,
      1.0,
      1.0,
      1.0,
      1.0,
      1.0,
      1.0,
      1.0,
      1.0,
      1.0,
      1.0,
      1.0,
      1.0,
      1.0,
      1.0,
      1.0,
      1.0,
      1.0,
      1.0,
      1.0,
      1.0,
      1.0,
      1.0,
      1.0,
      1.0,
      1.0,
      1.0,
      1.0,
      1.0,
      1.0,
      1.0,
      1.0,
      1.0,
      1.0,
      1.0,
      1.0,
      1.0,
      1.0,
      1.0,
      1.0,
      1.0,
      1.0,
      1.0,
      1.0,
      1.0,
      1.0,
      1.0,
      1.0,
      1.0,
      1.0,
      1.0,
      1.0,
      1.0,
      1.0,
      1.0,
      1.0,
      1.0,
      1.0,
      1.0,
      1.0,
      1.0,
      1.0,
      1.0,
      1.0
    ]
  },
  "gesture_mapping": {
    "0": "Rock",
    "1": "Paper",
    "2": "Scissor"
  },
  "confusion_matrix": [
    [
      179,
      0,
      0
    ],
    [
      0,
      153,
      0
    ],
    [
      0,
      0,
      171
    ]
  ],
  "config": {
    "datasets": {
      "Rock": "./datasets/LR.npy",
      "Paper": "./datasets/LP.npy",
      "Scissor": "./datasets/LS.npy"
    },
    "training_params": {
      "epochs": 100,
      "learning_rate": 0.003,
      "batch_size": 64,
      "hidden_layers": [
        512,
        256,
        128
      ],
      "dropout": 0.3
    },
    "output_settings": {
      "model_save_path": "trained_models",
      "plot_save_path": "training_plots"
    }
  }
}